mse,ci,rm2
0.9862436431085576,0.6962204956179913,0.031298897167198816
0.605306246094573,0.7224160830142071,0.23005960962167368
0.5571360101806698,0.7442203185770907,0.28980863923699934
0.5277538534530701,0.7568431508383756,0.32651898968164705
0.5067239582665302,0.7735696032488806,0.35495917332994675
0.4926003179709342,0.7805148401208072,0.3723518628717748
0.4760787535251242,0.7730074489311005,0.3954169723227791
0.45712919474951064,0.7795738617614765,0.4191546630448991
0.4495096697746828,0.7943853725186956,0.4279480036014277
0.4251294575664851,0.7998069914210272,0.46066833035319255
0.40782808846005664,0.7988438610312324,0.48214328709416937
0.4112565264980477,0.8067361651544046,0.47708224768768565
0.3954175252009858,0.8114630796266672,0.49761470665394547
0.38665790495946895,0.8130030994809592,0.5083649867202915
0.383049345538805,0.8109415294531737,0.5130657828247089
0.36892141029119047,0.819723023925496,0.5313529583995593
0.3552455986271579,0.8222686472444174,0.5484239367863841
0.35333863309358,0.8236711433399305,0.5512889321692743
0.3484864212549553,0.8251178580205574,0.5579661249868962
0.34500689512358695,0.8296642979897901,0.5618144439313063
0.34124574634887805,0.8326626041145282,0.5671705627552834
0.33858718641825036,0.8362549208468857,0.5692806971260178
0.33307262809180815,0.8402852832798845,0.5783249971003436
0.32938554927197333,0.8386037359904646,0.5820339155000054
0.3252669302634323,0.8430238988213516,0.5862549592422343
0.3269473109848143,0.8405801724099238,0.5857894505302091
0.3202400860039358,0.8446188326416464,0.5951473293797904
0.31687416010613595,0.8474385602586518,0.5970381677395781
0.30927251708419945,0.8483952396495106,0.6079948247693643
0.301434249635993,0.8521527581639012,0.6182348057364051
0.2990094937946743,0.8509986193263251,0.6204416629311004
0.2939096194548151,0.8548754620966222,0.6269932134897146
0.2876254677175759,0.855788584916076,0.636411702954389
0.28681029323827345,0.8588128753918765,0.6365158168866984
0.27969712336729424,0.8615080368394544,0.6464535331388431
0.27211002398854117,0.8662850325668792,0.6548557034503497
0.2616960425240695,0.8650912554510432,0.6692472592493954
0.2560297097972162,0.8658266381330205,0.6765577858577564
0.2552239994065391,0.8707579808301132,0.6772866526308252
0.24629736547361525,0.8698733393052425,0.6881687004234398
0.24564035059264377,0.8698375055088725,0.6881686504252221
0.24363144411090729,0.8713623288549853,0.6907130410451605
0.22909697820124886,0.8762140937817422,0.7093492425406004
0.23095503357865263,0.8761666265263177,0.7076060842116162
0.22481542865975299,0.8780741694663567,0.7150757599045635
0.21955645128050172,0.8812651153023339,0.7215400773600789
0.2149949064088211,0.8819195467763219,0.7273743217148292
0.20859473560366348,0.8863242151556988,0.7361342440584637
0.2047893771262322,0.8861598801298857,0.7393947543668793
0.19929603971417656,0.8893513071875749,0.7479677532467015
0.19535884066698678,0.8904581015310558,0.752325543380398
0.197724807745941,0.8912129335952804,0.7498730555584483
0.19385169267713875,0.892594372099688,0.7534107409371505
0.1874653991681192,0.8948636090277703,0.7620624650290787
0.18298088745958085,0.897353806667676,0.767158838302856
0.18190057900999906,0.8968600822539426,0.7688883952665051
0.17596661820674941,0.8997261456955041,0.7770377841543018
0.16880535546350203,0.904410491875166,0.7854128810518115
0.1668918597614221,0.9009452180364639,0.7890627093860286
0.16133958154493494,0.9051818027307174,0.7958656243722259
0.16673513934425258,0.9059558386977111,0.7882321936658532
0.1589441201424435,0.906821936379165,0.7977509588595296
0.1546525645944038,0.9056305673104617,0.8026057222564364
0.155790529560226,0.9073277933428449,0.8027735971630892
0.15213237887752118,0.9088890377945632,0.8076336124269863
0.15142817949939733,0.9085300060981482,0.8064428264573105
0.1401859599526145,0.9152748391774144,0.8222643089908329
0.140257367761253,0.9125967917603423,0.8206379679002985
0.13661978556026555,0.9158822545802293,0.8268910705387946
0.1350391513197371,0.9146464200772936,0.8287871758481828
0.13258530139486463,0.9169613590658026,0.8297621524457177
0.1291655947987091,0.920954655231179,0.836323205702147
0.1251742112782492,0.9214537553142483,0.8399236218876319
0.1207822660373474,0.9226751567639075,0.8473729862184527
0.12551417986292307,0.9221162798086657,0.8406698895872005
0.12058474766373473,0.9222536398870619,0.8460808488839835
0.11828342962553379,0.9244807312187509,0.8492203766176519
0.11630597669727374,0.9257341417734942,0.8519579133623051
0.11498047650644797,0.926958315474003,0.8532589391522026
0.11317885116321538,0.925371689741379,0.8554025429674776
0.11322710503576462,0.927407687561388,0.8552379818013014
0.1098534209080381,0.9306694098974726,0.8605581697692162
0.10887165739981687,0.929344743563735,0.8621849763905436
0.10714044055316976,0.9300878649256212,0.8628673621716371
0.10355842292259185,0.9337876664779449,0.8674120952352904
0.09941719104279723,0.9347919704689162,0.8733997002951751
0.09725120111223126,0.9372867418858651,0.8743890832230555
0.09520248482512135,0.9346339099383438,0.8770672604874167
0.09343063337103634,0.9370465269651235,0.880244575038248
0.09235162439164606,0.9373601701270688,0.8828719195400621
0.09188882500365772,0.9393778923719803,0.8799235654448532
0.09009593988776508,0.9405951196684702,0.8842809692169058
0.08629015921416262,0.9412153490401148,0.8877804764980727
0.08674980011347928,0.9413712776888417,0.8883905552348976
0.08751211329667882,0.9409296840520687,0.8881192228266908
0.0862019181740751,0.9423072776881832,0.888755184185979
0.08353355670428318,0.9447397352190018,0.8916607616376325
0.08224960413210348,0.9433496173022158,0.8933797842044071
0.08042197481586935,0.9459890182740915,0.8962999440374556
0.07941652949390607,0.9452037554599131,0.8970419523745389
0.08060544579658661,0.9461941315210078,0.8960026384291702
0.07741006282283934,0.948067548182943,0.8999098442204454
0.07807160833961828,0.9475065833203996,0.8984396693156295
0.07555162205600977,0.9483775767209893,0.9017699964281239
0.0729980404552524,0.9487822979957297,0.9042198668068239
0.07282492866054169,0.9506085749242265,0.90471327351245
0.06931551977472368,0.9532893432744788,0.9107930766464776
0.07201514210633886,0.95283934373801,0.9069798365003112
0.07122270077979083,0.9503980649091597,0.9077422072325021
0.06871965329539949,0.9527811975918669,0.9091873288890783
0.06781743430277307,0.9541742459336024,0.9113864820313823
0.06815728936619818,0.9539313499081541,0.9113925030037173
0.06840208282401516,0.9539997846177173,0.9110558991247777
0.06511212966193641,0.9561970149813296,0.914462288130575
0.06554594343068113,0.9549631122095559,0.9144295912359879
0.0677083137580479,0.9552073664858464,0.9121983519300788
0.06556649346695326,0.954142459513867,0.9141441273500882
0.06452255545733072,0.9562120000522993,0.915399190945984
0.06345805360482752,0.956548509032549,0.9171892436788417
0.06391581028756207,0.9564749278309648,0.9159603263317684
0.06991059196324281,0.952083591800254,0.9092300744769727
0.0709239987303363,0.9536624126162778,0.9065380435779212
0.06588801624728081,0.9548934325292721,0.9144256493642456
0.06969075751666227,0.9554223862787922,0.9082778296726952
0.0699571895679331,0.9555643556734084,0.9098994167876434
0.06948835128878975,0.9555008228750315,0.9104742541639701
0.07003306923944837,0.9561378799672537,0.9072930291035709
0.06759825583404877,0.955995550932931,0.910433131169865
0.06633796670921721,0.955667288353178,0.9139856354722902
0.06719994177818496,0.9556319843621149,0.9115123425820123
0.06647092289727137,0.9577367775407962,0.9120869933809632
0.06622896066085732,0.957475714658962,0.9123857828743046
0.0667139722802774,0.9571979589600399,0.9129047758303471
0.06358970131504285,0.9574621512559841,0.9164221097796154
0.0649276168001256,0.9566760522927612,0.9155412339100091
0.06352775098788935,0.9569020868747034,0.9158392344969706
0.06292218246005973,0.9595730505409802,0.9170439161354949
0.0634280202080824,0.9586102846005808,0.916825050117482
0.06371930421909391,0.9584803672895819,0.9163508671598657
0.06332146976698262,0.9571757268277596,0.916808971311997
0.06049492477425131,0.9603574355532738,0.9205505084099752
0.06319766188410765,0.9597028088622765,0.9186619950218959
0.057278963853609845,0.9619044292468545,0.9227670787249129
0.057213800207147766,0.9613315481720328,0.924660002418667
0.05559673691726517,0.9615400298389922,0.926013786252017
0.055506132170401276,0.9616498401033465,0.9253819596428768
0.05653451866242937,0.9634967625538279,0.9253791187168761
0.056575711483587775,0.9635544807758853,0.9253380138051877
0.05511134721584429,0.9631785400547616,0.9269205619459345
0.05520845314250527,0.9644064245140717,0.9276619773163663
0.054155066214160746,0.9642486057532688,0.9292730204055194
0.050330898285584694,0.9657095916212355,0.9332880986473602
0.05029584611803287,0.9660428981172567,0.9327831817293476
0.0494416845258269,0.9650527651457192,0.9346502756053219
0.04846853816340393,0.966538987908547,0.9358404080716254
0.04916829414475572,0.9671351984443957,0.9352201648576712
0.050230383836958735,0.9666119097888245,0.9347224346598053
0.04867952168193563,0.9675966533381453,0.9352760471307727
0.0479203291026979,0.9677363950619372,0.9370804280885773
0.04755655859642386,0.9674239425958828,0.9376504638116451
0.05562839972241951,0.9654257432615981,0.9269572719594609
0.052990211303517415,0.9649177312389255,0.9288121099682446
0.05335994171152885,0.9641083150180018,0.929158171833462
0.053681256266327436,0.9645933925199623,0.9297613888421908
0.05430958111530358,0.964422800745304,0.9267559149244198
0.052901252408498745,0.9652549064562789,0.9296907885980652
0.05208222660832547,0.9658869306041865,0.9313769287307692
0.05251949819371966,0.9650326828090025,0.9313049842463613
0.05193828261248341,0.9656022005096265,0.9326417330542753
0.05243389806415828,0.9667290888007702,0.9295384519360026
0.0527063376213292,0.965306759218502,0.931467556913077
0.053037498984553635,0.965846122923188,0.9298502179518507
0.05342407704501547,0.9664023208514548,0.9297657350927372
0.0533761430469071,0.9665877043367427,0.929898952979013
0.051834933787681226,0.9679715576207886,0.9327338683688003
0.053137749783208184,0.967068372525492,0.9287440258467902
0.05206270712346263,0.965201774082817,0.932121177925543
0.0528460832171132,0.9665633778873963,0.9303354159433879
0.052070865846787995,0.966530127496317,0.9308591960114472
0.05311906834515795,0.9660002836230257,0.9290432744302903
0.05315520721384658,0.9659144672251074,0.9292661076668716
0.04642563207122043,0.9696980341667301,0.9391963020810865
0.04753155162658052,0.968412773840617,0.9357526996338963
0.04592404589050424,0.9689536354007258,0.9390498680982944
0.045560441615212874,0.9690551449328985,0.938772561728416
0.046231100972506704,0.9694944744697135,0.93898328389161
0.04616188689721611,0.968326458462083,0.939050330388381
0.04525745214493482,0.9703758029548869,0.9378746802250265
0.045126216863828415,0.9697823611433851,0.9402729146340657
0.04361499182280837,0.9711648061495576,0.9427348933480516
0.0487433016441779,0.9691355636067482,0.9356149718669589
0.046937361889216524,0.9687605975534531,0.9380348029349871
